{
	"name" : "basics",
	"items" : [
		{
			"type" : "Entity",
			"name" : "LevelEntity",
			"position" : "0 0 0",
			"children" : [
				{
					"type" : "Entity",
					"name" : "BackgroundEntity",
					"position" : "0 0 0",
					"children" : [
						{
							"name" : "backgroundEntity1",
							"type" : "Entity",
							"position" : "310 320 0",
							"components" : [
								{
									"type" : "Sprite",
									"texture" : "textures:MapTexture",
									"window" : "Main",
									"size" : "640 640"
								}
							]
						},
						{
							"name" : "backgroundEntity2",
							"type" : "Entity",
							"position" : "940 320 0",
							"components" : [
								{
									"type" : "Sprite",
									"texture" : "textures:MapTexture",
									"window" : "Main",
									"size" : "640 640"
								}
							]
						},
						{
							"name" : "backgroundEntity3",
							"type" : "Entity",
							"position" : "1570 320 0",
							"components" : [
								{
									"type" : "Sprite",
									"texture" : "textures:MapTexture",
									"window" : "Main",
									"size" : "640 640"
								}
							]
						}
					],
					"components" : [
						{
							"type" : "BackgroundComponent",
							"backgroundSize" : 640,
							"speed" : 400,
							"gapShrink" : 10
						}
					]
				},
				{
					"name" : "PlayerEntity",
					"type" : "Entity",
					"position" : "700 420 0",
					"components" : [
						{
							"type" : "Sprite",
							"name" : "PlayerSprite",
							"texture" : "textures:PlayerTexture",
							"size" : "96 192",
							"window" : "Main"
						}
					]
				}
			],
			"components" : [
				{
					"type" : "LevelComponent",
					"name" : "LevelComponent", 
					"spawnX" : -200,
					"spawnY" : 380,
					"spawnRate" : 2,
					"puzzleGap" : 10,
					"enemySpeed" : 60
				},
				{
					"type" : "Text",
					"name" : "ScoreText",
					"position" : "300 300",
					"colour" : "0 0 0 255",
					"font" : "textures:ArialFont",
					"window" : "Main",
					"layer" : 90,
					"text" : "Score",
					"characterSize" : 16,
					"hAlign" : "left",
					"vAlign" : "top"
				}
			]
		},
		{
			"name" : "PuzzleEntity",
			"type" : "Entity",
			"position" : "350 150 0",
			"children" : [],
			"components" : [
				{
					"name" : "puzzleController",
					"type" : "PuzzleComponent",
					"tileSize" : 25,
					"width" : 4,
					"height" : 5,
					"backgroundColour" : "0 0 0 128",
					"movementSpeed" : 250,
					"maxMapDifficulty" : 25
				},
				{
					"type" : "Sound",
					"resource" : "textures:DeadlySound",
					"autoplay" : false,
					"volume" : 1.0,
					"positionalSound" : false
				},
				{
					"name" : "BorderVertices",
					"type" : "Vertices",
					"window" : "Main",
					"drawOrder" : 90,
					"primitiveType" : "Lines",
					"vertices" : [ ]
				},
				{
					"name" : "FillVertices",
					"type" : "Vertices",
					"window" : "Main",
					"drawOrder" : 80,
					"primitiveType" : "TrianglesStrip",
					"vertices" : [ ]
				},
				{
					"name" : "TileVertices",
					"type" : "Vertices",
					"window" : "Main",
					"texture" : "textures:TilesTexture",
					"drawOrder" : 85,
					"primitiveType" : "Triangles",
					"vertices" : [ ]
				}
				
			]
		},
		{
			"type" : "Entity",
			"name" : "EnemyEntity",
			"position" : "0 0 0",
			"components" : [
				{
					"type" : "Sprite",
					"name" : "EnemySprite",
					"texture" : "textures:EnemyTextures:?",
					"size" : "64 64"
				},
				{
					"type" : "EnemyComponent",
					"speed" : 140,
					"playerPosition" : 700
				}
			]
		},
		{
			"type" : "Entity",
			"name" : "GameOverEntity",
			"position" : "400 300 0",
			"components" : [
				{
					"type" : "Text",
					"name" : "GameOverText",
					"position" : "0 -150",
					"colour" : "0 0 0 255",
					"font" : "textures:ArialFont",
					"window" : "Main",
					"layer" : 20,
					"text" : "Game Over",
					"characterSize" : 36,
					"hAlign" : "centre",
					"vAlign" : "centre"
				},
				{
					"type" : "Text",
					"name" : "Score",
					"position" : "0 0",
					"colour" : "0 0 0 255",
					"font" : "textures:ArialFont",
					"window" : "Main",
					"layer" : 20,
					"text" : "Score",
					"characterSize" : 24,
					"hAlign" : "centre",
					"vAlign" : "centre"
				},
				{
					"type" : "Sound",
					"resource" : "textures:GameOverSound",
					"autoplay" : true,
					"volume" : 1.0,
					"positionalSound" : false
				},
				{
					"type" : "Text",
					"name" : "Score",
					"position" : "0 150",
					"colour" : "0 0 0 255",
					"font" : "textures:ArialFont",
					"window" : "Main",
					"layer" : 20,
					"text" : "Press any key to continue...",
					"characterSize" : 16,
					"hAlign" : "centre",
					"vAlign" : "centre"
				},
				{
					"type" : "ScoreComponent"
				}
			]
		},
		{
			"type" : "Entity",
			"name" : "MainMenu",
			"position" : "0 0 0",
			"children" : [
				{
					"type" : "Entity",
					"position" : "700 300",
					"components" : [
						{
							"type" : "Sprite",
							"texture" : "textures:PlayerTexture",
							"window" : "Main",
							"size" : "128 256"
						}
					]
				},
				{
					"type" : "Entity",
					"position" : "100 270",
					"components" : [
						{
							"type" : "Sprite",
							"texture" : "textures:EnemyTextures:Enemy1",
							"window" : "Main",
							"size" : "64 64"
						}
					]
				},
				{
					"type" : "Entity",
					"position" : "180 465",
					"components" : [
						{
							"type" : "Sprite",
							"texture" : "textures:EnemyTextures:Enemy2",
							"window" : "Main",
							"size" : "64 64"
						}
					]
				},
				{
					"type" : "Entity",
					"position" : "65 100",
					"components" : [
						{
							"type" : "Sprite",
							"texture" : "textures:EnemyTextures:Enemy2",
							"window" : "Main",
							"size" : "64 64"
						}
					]
				},
				{
					"type" : "Entity",
					"position" : "56 436",
					"components" : [
						{
							"type" : "Sprite",
							"texture" : "textures:EnemyTextures:Enemy2",
							"window" : "Main",
							"size" : "64 64"
						}
					]
				},
				{
					"type" : "Entity",
					"position" : "169 117",
					"components" : [
						{
							"type" : "Sprite",
							"texture" : "textures:EnemyTextures:Enemy1",
							"window" : "Main",
							"size" : "64 64"
						}
					]
				},
				{
					"type" : "Entity",
					"position" : "180 250",
					"components" : [
						{
							"type" : "Sprite",
							"texture" : "textures:Icons:Smily",
							"window" : "Main",
							"size" : "64 64"
						}
					]
				},
				{
					"type" : "Entity",
					"position" : "180 324",
					"components" : [
						{
							"type" : "Sprite",
							"texture" : "textures:Icons:Safety",
							"window" : "Main",
							"size" : "64 64"
						}
					]
				},
				{
					"type" : "Entity",
					"position" : "180 390",
					"components" : [
						{
							"type" : "Sprite",
							"texture" : "textures:Icons:Danger",
							"window" : "Main",
							"size" : "64 64"
						}
					]
				}
			],
			"components" : [
				{
					"type" : "Text",
					"name" : "Score",
					"position" : "400 100",
					"colour" : "0 0 0 255",
					"font" : "textures:ArialFont",
					"window" : "Main",
					"layer" : 20,
					"text" : "Mind Like A Bot",
					"characterSize" : 64,
					"hAlign" : "centre",
					"vAlign" : "top"
				},
				{
					"type" : "Text",
					"name" : "Score",
					"position" : "400 100",
					"colour" : "0 0 0 255",
					"font" : "textures:ArialFont",
					"window" : "Main",
					"layer" : 20,
					"text" : "Dezzles Presents...",
					"characterSize" : 12,
					"hAlign" : "centre",
					"vAlign" : "bottom"
				},
				{
					"type" : "Text",
					"name" : "Score",
					"position" : "400 450",
					"colour" : "0 0 0 255",
					"font" : "textures:ArialFont",
					"window" : "Main",
					"layer" : 20,
					"text" : "Press Space to continue...",
					"characterSize" : 24,
					"hAlign" : "centre",
					"vAlign" : "centre"
				},
				{
					"type" : "Text",
					"name" : "Score",
					"position" : "220 200",
					"colour" : "0 0 0 255",
					"font" : "textures:ArialFont",
					"window" : "Main",
					"layer" : 20,
					"text" : "WSAD - Move Smiley indicator",
					"characterSize" : 24,
					"hAlign" : "left",
					"vAlign" : "centre"
				},
				{
					"type" : "Text",
					"name" : "Score",
					"position" : "220 250",
					"colour" : "0 0 0 255",
					"font" : "textures:ArialFont",
					"window" : "Main",
					"layer" : 20,
					"text" : "The smiley indicator, where your\nmind is in the robot's programming",
					"characterSize" : 24,
					"hAlign" : "left",
					"vAlign" : "centre"
				},
				{
					"type" : "Text",
					"name" : "Score",
					"position" : "220 320",
					"colour" : "0 0 0 255",
					"font" : "textures:ArialFont",
					"window" : "Main",
					"layer" : 20,
					"text" : "A location that will shut down\na robot",
					"characterSize" : 24,
					"hAlign" : "left",
					"vAlign" : "centre"
				},
				{
					"type" : "Text",
					"name" : "Score",
					"position" : "220 390",
					"colour" : "0 0 0 255",
					"font" : "textures:ArialFont",
					"window" : "Main",
					"layer" : 20,
					"text" : "Activates nutbag mode in the\nrobot causing it to move faster",
					"characterSize" : 24,
					"hAlign" : "left",
					"vAlign" : "centre"
				},
				{
					"type" : "MainMenuComponent"
				}
			]
		},
		{
			"type" : "Entity",
			"name" : "Explosion",
			"position" : "0 0 0",
			"components" : [
				{
					"type" : "Sprite",
					"texture" : "textures:Explosion",
					"window" : "Main",
					"size" : "64 64"
				},
				{
					"type" : "AnimatedComponent",
					"framesPerSecond" : 10,
					"frames" : 4,
					"destroyOnCompletion" : true,
					"frameOrder" : [
						3,
						0,
						1,
						2,
						3,
						0
					]
				},
				{
					"type" : "Sound",
					"resource" : "textures:ExplosionSound",
					"autoplay" : true,
					"positionalSound" : false
				}
			]
		}
	]
}